Oxygen Isotope Records Assimilated,,,,,,,,
Released July 2020,,,,,,,,
Correction Description:,,,,,,,,
SMOW = Standard Mean Ocean Water,,,,,,,,
latflow = latitude difference between the site of snow deposition and the ice-core site,,,,,,,,
elevflow = elevation difference between the site of snow deposition and the ice-core site,,,,,,,,
The corrections were implemented in the order that they are listed.,,,,,,,,
Units:,,,,,,,,
Time is in years before 1950 CE (BP).,,,,,,,,
Oxygen isotope ratios (d18O) are given as per mil deviations relative to the mean for the reference period.,,,,,,,,
Values are for the middle of the interval. For example the value at time 100 BP is the average over time 75 to 125 BP.,,,,,,,,
The timescales are all equivalent to the GICC05 timescale except for the Dye3 timescale prior to 11700 BP.,,,,,,,,
Missing data = -999999,,,,,,,,
Reference for Anomaly:,,,,,,,,
mean over 100 to -50 BP,,,,,,,,
Citations:,,,,,,,,
For Agassiz and Camp Century and Dye3 and Renland cite: Vinther B. M. and Buchardt S. L. and Clausen H. B. and Dahl-Jensen D. and Johnsen S. J. and Fisher D. and Koerner R. and Raynaud D. and Lipenkov V. and Andersen K. K. et al.: Holocene thinning of the Greenland ice sheet. Nature. 461. 385. 2009.,,,,,,,,
For Dye3 cite: Dansgaard W. and Clausen H. and Gundestrup N. and Hammer C. and Johnsen S. and Kristinsdottir P. and Reeh N.: A new Greenland deep ice core. Science. 218. 1273-1277. 1982.,,,,,,,,
For Dye3 timescale prior to 11700 BP cite: Badgeley J. A. and Steig E. J. and Hakim G. J. and Fudge T. J.: Greenland temperature and precipitation over the last 20000 years using data assimilation. Climate of the Past. in press. 2020. (preprint: https://doi.org/10.5194/cp-2019-164),,,,,,,,
For GISP2 cite: Grootes P. and Stuiver M.: Oxygen 18/16 variability in Greenland snow and ice with 10^-3- to 10^5-year time resolution. Journal of Geophysical Research: Oceans. 102. 26 455-26 470. 1997.,,,,,,,,
For GISP2 cite: Stuiver M. and Grootes P. M.: GISP2 oxygen isotope ratios. Quaternary Research. 53. 277-284. 2000.,,,,,,,,
For GRIP cite: Johnsen S. J. and Clausen H. B. and Dansgaard W. and Gundestrup N. S. and Hammer C. U. and Andersen U. and Andersen K. K. and Hvidberg C. S. and Dahl-Jensen D. and Steffensen J. P. et al.: The d18O record along the Greenland Ice Core Project deep ice core and the problem of possible Eemian climatic instability. Journal of Geophysical Research: Oceans. 102. 26 397-26 410. 1997.,,,,,,,,
For NEEM cite: Dahl-Jensen D. and Albert M. and Aldahan A. and Azuma N. and Balslev-Clausen D. and Baumgartner M. and Berggren A.-M. and Bigler M. and Binder T. and Blunier T. et al.: Eemian interglacial reconstructed from a Greenland folded ice core. Nature. 493. 489. 2013.,,,,,,,,
For NEEM cite: Schupbach S. and Fischer H. and Bigler M. and Erhardt T. and Gfeller G. and Leuenberger D. and Mini O. and Mulvaney R. and Abram N. J. and Fleet L. et al.: Greenland records of aerosol source and atmospheric lifetime changes from the Eemian to the Holocene. Nature communications. 9. 1476. 2018.,,,,,,,,
NEEM was additionally compiled from personal communication with Bo Vinther.,,,,,,,,
For NGRIP cite: Andersen K. K. and Azuma N. and Barnola J.-M. and Bigler M. and Biscaye P. and Caillon N. and Chappellaz J. and Clausen H. B. and Dahl-Jensen D. and Fischer H. et al.: High-resolution record of Northern Hemisphere climate extending into the last interglacial period. Nature. 431. 147. 2004.,,,,,,,,
Data:,,,,,,,,
Age,Agassiz_SMOW d18O,Camp Century_SMOW_elevflow d18O,Dye3_SMOW_elevflow d18O,GISP2_SMOW d18O,GRIP_SMOW d18O,NEEM_SMOW_elevflow_latflow d18O,NGRIP_SMOW d18O,Renland_SMOW d18O
0,0.404052425,-999999,0.356088872,-999999,-0.027374422,0.4184238,-0.118507007,0.381671387
50,0.094344177,0.331309209,-0.100450723,0.149884279,-0.162085035,-0.102479849,0.165115783,-0.41637027
100,-0.562044045,-0.337393376,-0.410336808,-0.073172538,0.173191673,-0.655598956,-0.197941104,-0.251091486
150,-0.155169736,-999999,-0.108627188,0.080366746,0.093397461,-0.140233912,-0.309402037,-0.105883899
200,-0.578309061,-0.004953112,-0.253597503,-0.252773917,-0.006409668,-0.28935573,-0.500875982,-0.290689578
250,-0.984781818,-0.572073558,-0.256901059,0.01575268,-0.266217048,-0.479888825,-0.629016579,-0.190494958
300,-0.50125351,-0.455859927,-0.226871245,-0.049054433,0.080642997,0.087176863,-0.543823585,-0.083633674
350,-0.374392249,-0.196312686,-0.195174719,-0.19886171,0.12416938,0.116970792,-0.458630582,-0.120105867
400,-0.594211191,-0.096778604,-0.526825162,0.074652198,0.164349558,-0.368245296,-0.410117137,0.080076042
450,-0.849101531,0.149351288,-0.153545583,-0.123572142,-0.020541446,0.05178252,0.076659781,-0.079814028
500,-0.207336428,0.245468005,-0.503613643,0.23152505,-0.038778343,0.004717326,-0.249911025,0.066950189
550,-0.413906303,-0.160082999,0.05798681,-0.018378962,0.069651691,-0.376507018,-0.21314783,0.615381949
600,-0.490495378,-0.392319787,-0.093766974,-0.088301921,-0.465272285,-0.162762107,-0.436404471,-0.079541703
650,-0.068856959,0.060338158,-0.315627864,0.051669434,0.094699989,0.258869545,-0.058099256,-0.109570943
700,-0.417259095,0.057448184,0.085807017,0.171602129,-0.048701194,0.074461907,-0.443167601,-0.189639196
750,-0.029099981,-999999,-0.329533344,-0.128572148,-0.155541693,-0.104521137,-0.398341107,0.080186285
800,-0.054313989,0.193429006,-0.118244747,0.307882984,-0.205754007,-0.125482633,-0.366886597,0.349972745
850,-0.79463585,0.175305996,-0.183730206,0.185897639,-0.306072457,0.260945311,-0.288871478,0.004651159
900,-0.22166149,0.562633207,-0.005921005,0.103873774,-0.106429076,0.104580685,-0.58422864,-0.127375541
950,-0.280461492,0.39485306,0.156781019,0.650077517,-0.19689213,-0.072899857,-0.024691257,-0.006175653
1000,0.134032956,0.093700701,0.076110621,0.396242128,0.412606316,0.285322449,0.074806976,0.281651945
1050,-0.221579529,0.314108446,0.052000065,-0.051032402,0.051998499,0.190808877,-0.495800579,0.13770569
1100,0.256114875,-0.002176015,-0.125469555,-0.214999161,-0.075301631,0.27889965,-0.443100636,0.300400009
1150,0.142107245,0.438169488,0.217024454,0.01766486,-0.054303848,0.059775773,-0.287102994,-0.163606907
1200,-0.218591994,0.445156337,-0.020506196,0.020303475,0.426666997,0.484345137,-0.177797826,0.352358045
1250,0.170599597,0.987034475,-0.283143223,-0.093830373,-0.025799154,-0.317141341,-0.228598399,-0.015114874
1300,0.043106913,0.505563402,-0.285800409,0.082015371,0.088380291,0.2168113,-0.019419272,-0.132607791
1350,-0.186051968,0.270758674,-0.178458245,-999999,-0.037439117,-0.101946769,-0.130238904,0.083231098
1400,-0.268570484,0.539258595,-0.127808324,0.423300704,-0.026618242,0.012289074,-0.094418177,0.195710933
1450,-0.237898867,0.309285753,-0.138967362,0.127694656,-0.429269294,-0.185482135,-0.512069222,0.356380865
1500,0.276076057,0.609283089,0.019846099,0.585010861,0.111380407,-0.126270987,-0.426415895,-0.089637264
1550,0.130056151,0.637615803,0.210325716,-999999,0.318698732,0.225303,0.515895968,0.744333962
1600,0.290693408,0.455944201,0.0041357,0.262980236,-0.040650619,-0.051359143,-0.475113956,0.081645543
1650,0.167964639,0.250904177,0.119573659,0.643587261,-0.108371277,0.074313913,-0.471168438,0.14224805
1700,0.248560382,0.35918766,0.30833731,0.010866478,0.007232863,0.07514158,-0.397230178,-0.010486818
1750,0.220824162,0.614135517,-0.041225547,-0.063527256,-0.005494931,0.565612363,-0.393291351,-0.239887045
1800,-0.093574491,0.319090871,0.242536423,0.278739582,-0.011556106,-0.057994751,-0.206021756,0.387367385
1850,0.013687501,0.77236844,0.117971021,0.424342227,0.432375751,0.312766822,0.279576108,0.062968912
1900,-0.479040325,0.785652429,0.350066543,0.279949521,0.492979706,0.900631206,0.311847205,0.20522975
1950,-0.228447559,0.610606548,0.447163927,0.482429882,0.140257587,0.234674788,-0.157539561,0.210826164
2000,0.558807837,-0.037756837,0.070943378,0.387830415,0.034204809,-0.194933504,0.026402161,0.296427718
2050,0.22945303,-0.106094875,0.221415434,0.835134813,0.383178188,0.355794731,0.075381537,0.24873373
2100,0.073447959,0.422240453,0.148577987,0.322477925,0.088850487,0.080596443,-0.515606266,0.284390974
2150,-0.057485969,0.202329369,-0.0341856,0.28821536,-0.218738721,0.06352744,-0.426537419,-0.253201042
2200,-0.371722849,0.339103179,0.213067297,0.480640176,0.590339118,0.082749448,0.162545538,0.099213336
2250,-0.6492221,0.410949383,0.140398616,-0.093512841,0.219514636,0.562622305,0.09171415,0.420032513
2300,0.433251828,0.196142379,0.321063674,0.395819045,0.068691653,-0.057812872,-0.045775792,-0.259117653
2350,0.644044018,0.019632546,0.425028003,0.869773976,0.697813616,0.044034449,0.170023297,-0.106656828
2400,0.474858876,0.516451446,-0.010980409,0.153943092,0.146978644,0.285374434,-0.304146569,0.192479357
2450,0.337446772,0.54838904,-0.225220626,0.203198552,0.32623084,-0.12173908,-0.546549459,-0.403253511
2500,0.376722618,1.073671905,0.453873722,0.345810471,0.792167102,0.566103234,0.077716133,0.567663182
2550,0.211039941,0.147364869,0.344691989,0.266797378,0.329831337,0.289762234,-0.197957891,0.300316467
2600,-0.424615702,0.174377119,0.348853409,0.204463317,0.330828876,0.24000749,-0.183627189,0.26297622
2650,-0.280258366,0.181425712,0.179722085,-0.049496117,0.353527795,0.002413745,-0.329256295,0.289003312
2700,0.7607313,0.39179475,0.263910021,0.473181144,0.186226106,0.322133277,0.028426148,0.025032635
2750,-0.186622364,0.440430724,0.044702846,0.069149296,0.07718534,0.164157211,0.094379918,0.407637424
2800,0.232641347,0.432395334,0.448802788,0.385088466,0.458122597,0.420899514,0.03033137,0.186921224
2850,0.556943312,0.134405161,0.099629266,0.272743416,0.225781424,0.288315602,-0.047014715,0.301229947
2900,0.514583977,0.206396441,0.18043571,0.510380222,0.356755288,0.343017058,0.375616107,0.512195326
2950,0.380489917,0.968292623,0.484496344,-0.103691416,0.434326782,0.431452162,0.221528713,0.299770504
3000,0.626356664,0.450207012,0.315213953,0.22551222,0.191883624,-0.048270732,-0.13591037,0.353977298
3050,0.128845233,0.552028391,0.154193583,0.494646691,0.162695825,0.35958304,-0.015103481,0.248118337
3100,0.384633492,0.447184343,0.483148937,0.363789049,0.073503873,0.390713986,-0.017631979,0.385577399
3150,0.802117654,0.960685828,0.558815497,0.392961118,0.545992735,0.328513906,0.143201995,0.401409974
3200,0.596285505,0.044235372,0.301154935,0.502123482,0.258503743,0.667601465,-0.155952929,0.273908034
3250,0.620373065,0.544326031,0.363410877,0.79120767,0.789245463,0.568314023,-0.208521209,0.324661481
3300,0.261116905,0.767734177,0.632299051,0.433625367,0.75998324,0.512578623,0.315528128,0.452052309
3350,0.138446976,0.9127407,0.807785826,-0.055688386,0.462328095,0.430368909,-0.005459199,0.382712964
3400,0.645737359,0.577754496,0.493280329,0.407873256,0.184659856,0.482428698,0.146854584,0.406690269
3450,0.256399435,0.856075471,0.632088864,0.802247736,0.205312384,0.108105983,0.017513487,0.495664648
3500,0.297042993,0.591087165,0.497576263,0.119597829,0.619280685,0.000762445,-0.065162648,0.461310977
3550,0.254356894,0.85440801,0.541389401,0.520232752,0.163287977,0.281142049,0.170480182,0.263631688
3600,-0.084988443,0.567748069,0.308542508,0.467548467,0.1372696,0.342943243,0.232790624,0.922572611
3650,0.407258197,0.572705569,0.850622949,0.293168002,0.551194671,0.408568573,0.333397339,0.766515686
3700,0.289520778,1.047626793,0.652725943,0.318765116,0.501795666,0.485672824,0.220668146,0.583780779
3750,0.205079419,0.865878276,0.50979084,0.290996387,0.389030976,0.371688185,0.001242178,0.654331047
3800,0.017310349,1.19077042,0.480183656,0.116568457,0.309598221,0.609831935,-0.154852908,0.251572271
3850,0.517874569,0.714072949,0.673933694,0.12383332,0.216868584,0.307152084,-0.095923691,0.737136704
3900,0.308475665,0.574025208,0.487703264,0.021104235,0.570781504,0.74901481,-0.020328882,0.786056922
3950,0.100708258,1.522215716,0.438096543,0.68663115,0.339690498,0.483864863,-0.028098305,0.764945071
4000,0.506227243,1.440448941,0.555134317,0.162210236,0.505231633,0.370308843,0.237437456,0.453836467
4050,0.5933946,1.440308647,0.482147032,0.574368333,0.472415056,0.695239623,-0.315349449,0.662663371
4100,0.640563905,1.316842231,0.495821558,0.389893724,0.54959207,0.628708365,0.088475893,0.561507652
4150,1.066079833,0.993423477,0.486199785,0.327114251,0.130167143,0.668465825,0.387341889,0.895362149
4200,0.641652742,0.846668118,0.709903703,0.354335805,0.427372789,0.70816139,-0.000411247,0.412605168
4250,-0.171082794,0.776574993,0.530298617,0.33489371,0.322935971,0.462513057,0.240130772,0.588141925
4300,0.082782971,1.129788546,0.530682864,-0.094522558,0.341824895,0.639310587,0.167358815,0.370369744
4350,0.281651888,1.174687922,0.689390049,0.107688107,0.165726375,0.266985915,-0.322053042,0.785890753
4400,0.37052096,0.879602891,0.698100292,-0.033418764,0.626246933,0.712596251,0.47177943,0.881425278
4450,0.1543745,1.21277452,0.668009061,0.095189604,0.248453342,0.457915817,0.020657343,0.808601677
4500,0.484858167,1.762597275,0.481114212,0.20759537,0.267300492,0.287027688,0.2394909,0.449131005
4550,0.712050554,1.475845335,0.628797286,0.023158493,0.501168186,0.844103711,0.468358928,0.901307517
4600,0.682587027,1.552395588,0.456496065,-0.364603567,0.018412408,0.624272605,0.02393367,0.456872845
4650,0.714714731,1.043915864,0.509107874,0.300822747,0.528849609,0.573524727,0.141065271,0.424005001
4700,1.013457198,1.022036426,0.611683667,-0.167035769,-0.030668996,0.535254334,0.198168821,0.497763887
4750,0.727134958,0.651742961,0.579161962,-999999,0.186316886,0.167927272,0.263498814,0.366430492
4800,0.247468734,1.334678407,0.466255108,0.373568202,0.306617181,0.659225758,0.255475069,0.778364228
4850,0.199401871,0.944325584,0.735915068,0.540495544,0.328555978,1.039086504,0.280746705,0.843620774
4900,1.074537901,0.850558742,0.478286643,0.360724963,0.433763493,1.606274939,0.599270665,0.732166069
4950,1.236109213,0.991488772,0.438689721,0.282330273,0.420363778,1.067579679,0.142572582,0.630425292
5000,0.614371811,0.809072712,0.5157111,0.353884982,0.483585921,1.143350062,0.342450423,0.658635254
5050,0.742645244,0.923369765,0.466147723,0.093871239,0.481884117,0.620834839,0.254088999,0.991891284
5100,0.694260113,0.784348611,0.373249326,0.633783737,0.206865966,0.796216015,0.029066543,0.691859896
5150,0.624103608,1.100181176,0.578551596,0.515312172,0.563354042,0.777164764,0.750522939,0.868348036
5200,0.687236031,1.362651805,0.580505696,0.263866956,0.199872764,0.387253298,0.255385883,0.658170701
5250,0.550315147,0.411827394,0.465732482,-0.003405764,0.024638496,0.371943909,-0.163160064,1.064533187
5300,0.966657291,1.097501705,0.487594041,-0.063669605,0.172688569,0.529591725,-0.055105993,0.980920649
5350,0.816349196,1.108201535,0.507753344,-0.2772876,0.085725339,0.472443657,0.042913135,0.405652403
5400,0.905999013,1.155069275,0.667879535,0.262336305,0.302046977,0.579808415,0.290898042,0.336984644
5450,0.847258371,1.25827549,0.554627448,0.488584857,0.396642041,0.570846772,0.478816865,0.566549487
5500,1.015142388,1.081490252,0.574676025,0.418176588,0.277905848,0.365880799,0.550060754,0.672773016
5550,0.848024525,1.167976306,0.576357586,0.389395614,0.547427836,0.609833683,0.054661311,0.197354286
5600,0.864234458,1.337799355,0.604716059,0.387291317,0.350344357,0.935787755,0.215873959,0.661850759
5650,0.963875527,0.877796828,0.42820349,0.340298201,0.403341014,0.583560377,0.125552411,0.753159564
5700,1.003542178,0.657789186,0.425025184,0.153339967,0.353034743,0.473052973,0.085245152,0.727833388
5750,1.039875974,0.317795669,0.720146619,0.276347914,0.364388238,0.956479598,0.44156039,0.814161527
5800,0.699611969,0.647752895,0.535347302,0.202736587,0.245782721,0.968252886,0.15130695,0.627213227
5850,1.006083299,0.58289687,0.722314605,0.227589442,0.405619565,0.336975137,0.887743737,0.855360291
5900,0.822643912,1.067974329,0.772663036,0.365794007,0.488830781,0.573125534,0.211043184,0.440281205
5950,0.13763422,0.907723263,0.444759036,0.524030999,0.167125339,0.542247286,0.019322456,0.831809655
6000,0.729164454,1.307232115,0.436843207,0.089031921,-0.021236039,0.221657569,-0.055719232,0.983391593
6050,0.229267457,0.846951203,0.752328436,-0.374189183,0.273783349,0.438122093,0.235966833,1.133413933
6100,0.872601794,0.85998564,0.667901853,0.482465095,0.365532086,0.975585311,0.447700324,0.450245275
6150,0.311193243,0.831465189,0.555252894,0.252693414,0.525711506,0.72225877,0.062948279,0.615411913
6200,1.013016627,0.71634776,0.372671462,-0.113668942,0.02269983,0.523972089,0.181524343,0.527335378
6250,0.798503867,0.756424232,0.498598045,0.13010312,0.393122545,0.345866032,0.160330348,1.057726997
6300,0.96400047,1.373150558,0.781228848,0.20395491,0.230338077,0.385824303,0.279176023,0.961590377
6350,0.86130589,0.711816663,0.472376768,0.51308434,0.240970761,0.893728559,0.33813539,1.085532426
6400,0.821949303,1.027034816,0.536821468,0.065253967,0.14496388,0.911504372,0.393774865,0.792875596
6450,1.154174145,1.172239227,0.546237604,0.055866933,0.243895741,0.521046678,0.536033774,1.318407725
6500,0.803176365,0.664217123,0.572337641,0.009837461,0.312850688,0.147126525,0.108388394,1.087393476
6550,0.957253614,0.512956943,0.595247382,0.26890816,0.421941663,0.808080139,0.229144337,0.541564964
6600,0.858077274,0.808348099,0.594872244,0.181403915,0.274445707,0.390820858,0.426601496,0.702353279
6650,1.105627173,1.048853268,0.349637643,0.112336978,0.195380204,0.572570918,0.387530145,0.914908014
6700,0.999898628,1.149383838,0.534350789,0.376563841,0.436277046,0.509395587,0.411789984,0.72419103
6750,1.304042016,0.569936952,0.609007841,0.715709302,0.433803281,0.681904978,0.036034371,0.82336298
6800,1.03825786,0.810370449,0.513681869,0.788218254,0.444654462,0.751635581,0.473492978,0.849205066
6850,1.092464957,0.60090213,0.253414925,0.74411199,0.097257869,0.394461234,0.174422839,1.051724663
6900,1.113349879,0.754722816,0.559741531,0.390056072,0.336452255,0.544059897,0.375289135,0.960958499
6950,0.645970701,0.836886812,0.397800812,0.332625277,0.460662625,0.284656733,0.337855435,0.725213032
7000,0.891804342,0.395772492,0.295832351,-0.064776108,0.428209055,0.18162553,0.107096867,0.976045735
7050,1.379162518,0.84275805,0.427056949,0.290758771,0.3639873,0.331312714,0.261177312,0.613525605
7100,0.546691012,0.729804254,0.294966581,0.150045522,-0.043537133,0.384747867,0.065288698,1.050871082
7150,0.922378725,0.203577282,0.576149468,0.059141945,0.672108787,0.433350109,0.224348761,0.73165916
7200,0.961428697,0.387228091,0.657341758,-0.115101916,0.391213385,0.497130241,0.293402341,1.165651515
7250,1.055363699,0.264150218,0.590115534,0.297128645,0.575143937,0.573039313,0.017400772,0.914636658
7300,0.922613413,-0.132271748,0.459513732,0.399352919,0.589047977,0.643773049,0.227942509,0.943529052
7350,0.773020853,0.169358192,0.223749829,0.464738693,0.692761339,0.439059042,0.49996427,1.222205212
7400,0.583408925,-0.258927942,0.247921107,0.433446653,0.486495579,0.437717916,0.408681137,1.000930527
7450,1.330356785,-0.035610649,0.952024639,-0.252709957,0.42024449,0.524432791,0.602390336,1.074646963
7500,0.954116363,-0.34557041,0.33297072,0.360909171,0.413958549,0.008267818,0.206163793,1.041687086
7550,0.767669089,-0.105793097,0.335310504,0.594408811,0.597466101,0.038166102,0.624634938,0.971887843
7600,0.871118192,-0.622622562,0.287599755,0.351257971,0.337651644,0.692126752,0.65977377,1.175320625
7650,1.084407066,-0.546353475,0.603022568,0.54123126,0.214341405,0.44994209,0.591454075,1.308621273
7700,1.304354106,-0.290119984,0.591823454,0.694536392,0.86756719,0.936255046,0.553123215,1.391922904
7750,1.391096042,0.017877691,0.535738702,0.797954995,0.396079353,0.587243111,0.678205376,1.290361412
7800,1.547813305,-0.307229357,0.293005069,0.494760918,0.727781882,1.004758394,0.746617195,1.322098645
7850,0.977804648,0.012000707,0.448361484,0.234716937,0.217779092,0.36118701,0.114967447,1.571954567
7900,1.730851785,0.314849987,0.113740781,0.544520274,0.347613071,0.320938485,0.206474407,1.398488576
7950,1.128982827,-0.184076888,0.595507481,0.39092621,0.813914669,0.783886381,1.091038321,1.563156504
8000,1.183611852,0.123468419,0.513977024,-0.132661829,0.09702625,0.261959458,0.282497995,1.547796157
8050,1.214732928,0.064231497,0.247300776,-0.158177361,0.024851597,0.189794195,0.401955889,1.029011439
8100,0.472585403,-0.934910636,-0.372715848,-0.467047058,-0.60062869,-0.144370224,-0.121876766,0.56014922
8150,0.53008436,-1.322703786,-1.416201621,-1.337693758,-0.484784366,-1.292715061,-0.897541726,-0.040568276
8200,1.100771265,-1.613897802,-0.999998503,-0.642005471,-0.908894515,-1.280115749,-0.806744564,0.408474454
8250,1.274790462,-1.405252873,-0.10062376,0.326892849,0.304959391,0.076213798,-0.192781273,0.959092592
8300,1.395420158,-0.79008297,-0.187801134,0.182595553,0.148998225,0.268175812,0.054516704,1.316345214
8350,1.579084913,-0.588456273,0.364615474,-0.048634513,0.349353866,-0.354996882,0.006586033,1.453351799
8400,1.652718491,-1.083414692,-0.26612831,0.259981693,0.086412758,-0.079827144,0.115240263,1.04041179
8450,1.163127596,-0.31694967,0.119598489,0.145345447,0.493341906,-0.275996698,0.320541511,1.017397795
8500,1.380033861,-1.100214592,-0.167908897,0.177314874,0.283692488,-0.039398927,0.079231796,0.871042656
8550,1.321815952,-1.010494724,0.069302093,0.399069275,0.627088962,0.081310731,0.289322244,1.001120557
8600,1.120209802,-1.16747553,0.183118801,0.147502561,0.03392586,0.244740654,-0.010567164,1.154442009
8650,1.219923506,-1.404722881,0.013375247,0.282240149,0.13533775,-0.513234601,0.262474239,1.149176452
8700,1.509530425,-1.275444313,-0.043121455,0.490229767,0.110045135,-0.034425436,-0.047757876,1.140513513
8750,1.477467693,-1.429509587,-0.337971052,0.244912345,0.063020721,-0.385558505,-0.029796721,1.826628201
8800,1.265379696,-0.817141831,-0.392936795,0.242812603,0.172563874,-0.186779616,0.04475328,1.416248489
8850,1.099663717,-0.864913415,-0.16491677,0.691993507,0.565092364,0.18298626,0.487270416,1.583789313
8900,1.463724305,-0.779486526,0.036337082,0.587863039,0.84420778,-0.026733939,0.326486509,1.128035029
8950,1.225969698,-0.461064357,-0.217589267,0.048550735,0.631485996,0.307924468,0.273728535,1.380166211
9000,0.621560457,-1.035843482,-0.501583898,0.2623199,0.065439534,0.046084995,-0.378963274,1.175660053
9050,1.371684512,-1.007573317,-0.265844287,0.209344442,0.242409315,0.088987384,0.169584375,1.470890877
9100,1.388578261,-0.849406079,-0.043508481,0.422899286,0.63258681,-0.026558062,0.23817454,1.539437305
9150,1.301915237,-1.269676301,-0.409607512,0.139662318,0.587623578,-0.212345468,0.064911864,1.591069771
9200,1.445108975,-1.666698663,-0.65915062,-0.213635757,0.072698629,-0.119162625,-0.574978469,1.389351267
9250,1.066558459,-1.692362175,-1.103854671,0.139336373,-0.387448143,-0.789072963,-0.800185252,0.790856683
9300,1.181127864,-1.164924656,-0.418941181,0.362256036,0.521957824,-0.408759292,-0.022409524,1.43195138
9350,0.885558746,-1.555821657,-0.429092932,0.643243931,0.476368237,0.539746991,-0.026341103,1.449626655
9400,1.039795091,-1.493579375,-0.209381499,0.131046945,0.530680956,0.214752717,-0.220289913,1.610523839
9450,1.68374644,-1.474801958,-0.499668168,-0.627880416,0.494877268,-0.382382739,0.007166842,1.303076726
9500,1.594520044,-1.416087272,-0.490091396,-0.200532511,0.159111167,-0.385585575,-0.058677244,1.355475819
9550,1.21190694,-1.384173502,-0.35569465,-0.169878987,0.433023077,-0.230301851,-0.25462323,1.286101558
9600,1.788970521,-1.338963802,-0.647867865,0.397245186,0.157069062,-0.536916327,-0.080711941,1.050080505
9650,1.549581578,-1.698663832,-0.736802701,-0.032028844,0.735815315,0.284889884,0.043177036,1.558793299
9700,1.356839729,-1.911746167,-0.872395293,0.461734418,0.118263197,-0.446863143,0.030435256,1.43769524
9750,1.182428689,-1.583334316,-0.753067931,-0.074173664,-0.116072462,-0.120932791,-0.043952696,1.476545221
9800,0.758095235,-2.014681674,-0.807024719,-0.050265016,0.369349941,-0.486954411,-0.288291308,1.112188475
9850,1.120133148,-2.007873208,-0.559452136,-0.306300193,0.311580394,-0.487104994,-0.411034694,1.059362907
9900,2.108616775,-2.250979758,-1.151594235,-0.025848222,0.183835456,-0.693320062,-0.243877421,1.116499537
9950,2.097474865,-2.332437489,-0.750707975,0.161334075,0.194413333,-0.897606285,-0.283280804,0.877109103
10000,1.639825231,-2.170646894,-1.119551655,-0.131315537,-0.211526833,-0.496177595,-0.639237284,0.994261372
10050,1.295438188,-2.587017606,-1.401791022,-0.635584607,-0.507538103,-0.613782933,-0.580375552,0.959763649
10100,1.330908821,-2.360293421,-1.717354042,-0.746667752,-0.187112598,-1.044092326,-0.434886575,0.552065496
10150,1.228097027,-2.756671228,-1.977933463,-0.068044525,-0.139921699,-1.336377132,-0.697578001,0.507568716
10200,1.278575904,-2.943111646,-1.995256351,-0.772678079,-0.622516413,-1.276025668,-1.38009375,0.706325776
10250,0.611068001,-2.966208851,-2.094143734,-0.609991266,-0.59689869,-0.924816709,-1.309490232,0.56028591
10300,1.469596257,-2.79941957,-2.139755324,-0.890958198,-0.484686974,-1.069617483,-1.138964034,0.237612348
10350,1.668091753,-3.106058506,-2.285610443,-1.392117644,-1.369026552,-1.651150921,-1.471855974,-0.03702851
10400,1.413345714,-3.442772394,-2.274952094,-1.162336654,-0.387538739,-1.405659746,-1.21507319,0.381293718
10450,1.539897142,-3.366532327,-2.477751664,-0.950404397,-0.522479324,-1.657665757,-1.225061692,0.819388027
10500,1.016662949,-3.730164815,-2.497350348,-0.980443733,-1.110618334,-1.499927912,-1.191791861,0.091243687
10550,0.776539713,-3.452508392,-3.065153327,-0.9239597,-0.805905558,-1.544252229,-1.343550072,0.430877158
10600,0.879513849,-3.081653069,-2.640139103,-1.187426792,-0.954421495,-1.853132021,-1.275492636,0.437226986
10650,1.0620581,-3.694089706,-2.743620075,-1.442947863,-1.164964541,-1.693490715,-1.262798683,0.31657458
10700,0.887996984,-3.403688912,-2.797218814,-1.445342533,-1.13570829,-1.808937919,-1.543403503,0.012575925
10750,0.902042342,-4.261238673,-2.732680843,-1.207989639,-1.279847037,-1.867238096,-1.702534492,0.071606032
10800,0.499563821,-3.992688084,-2.998040894,-1.263887595,-1.703904706,-2.163779344,-2.011642284,-0.095977855
10850,-0.242889619,-3.78925077,-3.431791643,-1.588132357,-1.774930984,-2.232911212,-2.807324296,-0.358656661
10900,0.234033409,-4.518744504,-3.645686682,-2.245589479,-1.915967062,-2.111613027,-2.776768798,-0.31152576
10950,0.470960906,-3.612470714,-3.451552909,-1.963602423,-1.745594157,-2.138130715,-2.18826221,-0.559357921
11000,0.414690996,-4.551962893,-3.540620248,-1.724937088,-1.515259208,-2.223125986,-2.062873059,-0.700579573
11050,0.185247662,-4.545182383,-3.621284927,-1.789386693,-2.335991034,-2.096634354,-2.323886716,-0.360304468
11100,0.16234223,-4.508441875,-3.815248643,-1.987125333,-2.097280834,-2.130097623,-2.14847891,-0.703041882
11150,0.169207575,-5.652963894,-3.821188336,-2.384966682,-2.037027342,-2.92494188,-2.749546065,-0.726155592
11200,0.116059595,-4.558703368,-3.560649476,-1.556832351,-1.770263688,-2.584521443,-2.214588072,-0.609388816
11250,-0.112028735,-4.857077196,-3.501703862,-2.266249714,-1.803374551,-2.181692424,-2.505889861,-0.827478365
11300,0.042945585,-4.998928975,-4.002518968,-2.012913768,-2.362928677,-2.82749623,-2.464102914,-0.902373222
11350,-0.423724858,-5.795731395,-5.386485892,-3.307370451,-3.234283452,-3.27632052,-2.832406781,-2.298518056
11400,-0.417418325,-6.376070374,-4.818300138,-2.949504464,-3.102953329,-4.032194738,-3.950372838,-2.155608278
11450,-0.146478452,-5.126001818,-4.378594621,-2.340332618,-2.277238332,-3.504435357,-3.104662847,-1.6914322
11500,-0.338682895,-5.468432863,-3.389297319,-1.811328706,-1.944660503,-2.641304463,-2.279034095,-1.217348434
11550,-0.784280118,-4.586797729,-2.986547407,-2.043509675,-2.070358961,-1.760392738,-2.093251629,-0.895063562
11600,-1.000046945,-5.377539172,-4.002983789,-2.998742474,-2.40263619,-2.690569057,-2.75366306,-1.102501959
11650,-3.809043948,-4.96076534,-6.113588138,-5.754525932,-5.041823943,-4.863920945,-4.834860656,-2.575651741
11700,-999999,-999999,-7.337932342,-4.809276879,-5.14926107,-7.095395292,-5.89670319,-999999
11750,-999999,-999999,-7.644772093,-5.668187002,-6.189715551,-6.534001979,-5.692942685,-999999
11800,-999999,-999999,-7.955616403,-5.690987279,-5.57791972,-6.027579761,-5.232725686,-999999
11850,-999999,-999999,-8.118480241,-5.79200322,-6.383472066,-6.800210954,-6.176525962,-999999
11900,-999999,-999999,-7.933572687,-5.060228549,-5.816581747,-5.694211332,-6.833824326,-999999
11950,-999999,-999999,-7.812660943,-5.056345259,-5.412956998,-7.052402192,-5.640725112,-999999
12000,-999999,-999999,-7.693771526,-4.659413313,-5.575643229,-7.255497586,-5.666833965,-999999
12050,-999999,-999999,-8.104587625,-5.834812313,-5.381975116,-6.354510686,-6.903841851,-999999
12100,-999999,-999999,-8.32154103,-5.358023648,-6.357500462,-7.512817896,-7.084912767,-999999
12150,-999999,-999999,-8.422571715,-6.148675824,-6.005619631,-6.320481154,-5.763717653,-999999
12200,-999999,-999999,-8.595575092,-5.756847676,-5.640443817,-6.557010047,-6.121358105,-999999
12250,-999999,-999999,-8.688739686,-3.914534737,-6.284640153,-7.810207658,-6.337531488,-999999
12300,-999999,-999999,-9.031737354,-6.555619597,-5.796355332,-7.474591037,-6.92011929,-999999
12350,-999999,-999999,-8.897124431,-4.638449236,-5.784428579,-6.794067292,-6.616731572,-999999
12400,-999999,-999999,-8.170994529,-6.278630858,-5.825814177,-6.767945982,-6.476586405,-999999
12450,-999999,-999999,-8.550131168,-6.226858727,-6.018854375,-7.691204425,-6.931087671,-999999
12500,-999999,-999999,-8.285837407,-5.981970715,-6.718224993,-8.364791867,-5.870161206,-999999
12550,-999999,-999999,-8.233629763,-6.871432985,-6.883253217,-8.354437585,-7.755500085,-999999
12600,-999999,-999999,-7.492075661,-6.671847159,-6.4655083,-8.18928028,-6.806509875,-999999
12650,-999999,-999999,-7.552166704,-5.068693355,-7.348659637,-9.288487226,-7.751275972,-999999
12700,-999999,-999999,-6.567242104,-5.70383549,-6.942974234,-9.01900167,-6.674476559,-999999
12750,-999999,-999999,-5.654633391,-5.365136853,-6.476028023,-6.799080021,-5.994380806,-999999
12800,-999999,-999999,-5.225604002,-4.836619679,-4.713544744,-6.347392384,-5.297664624,-999999
12850,-999999,-999999,-4.984136535,-4.108001015,-4.194748047,-4.540316556,-5.516561093,-999999
12900,-999999,-999999,-4.774624416,-3.852275321,-3.799141974,-4.091176136,-4.14679062,-999999
12950,-999999,-999999,-5.088688472,-3.834715343,-4.11128791,-4.458992681,-5.18829218,-999999
13000,-999999,-999999,-5.622493162,-4.263383893,-4.433380901,-5.665216233,-5.63692791,-999999
13050,-999999,-999999,-6.142047979,-5.849083407,-5.146532619,-6.464228372,-5.963752157,-999999
13100,-999999,-999999,-6.78544234,-5.686302052,-5.679784215,-6.788449749,-6.390427061,-999999
13150,-999999,-999999,-7.454763615,-5.350309651,-5.871635119,-5.538902207,-6.129361417,-999999
13200,-999999,-999999,-6.779313523,-4.148455972,-4.954505503,-4.729041597,-5.601866547,-999999
13250,-999999,-999999,-5.514364256,-4.266970696,-4.548505904,-4.442185884,-4.836202077,-999999
13300,-999999,-999999,-4.595137696,-3.419753852,-3.56641572,-3.995507915,-4.839831676,-999999
13350,-999999,-999999,-5.032755168,-3.693275288,-3.77000239,-4.092083354,-4.417346127,-999999
13400,-999999,-999999,-5.268533604,-3.427316604,-3.417457019,-3.970539124,-4.364501666,-999999
13450,-999999,-999999,-4.936693163,-3.229450539,-2.76670873,-3.91856305,-3.91354593,-999999
13500,-999999,-999999,-4.600860001,-3.467798654,-2.968428693,-3.365366392,-4.341695606,-999999
13550,-999999,-999999,-5.415938517,-4.144104873,-4.335701489,-4.537612888,-5.397606629,-999999
13600,-999999,-999999,-6.025211617,-3.435152042,-3.964736873,-4.731122562,-5.357957427,-999999
13650,-999999,-999999,-5.25786004,-3.83503293,-3.527140414,-3.858762558,-4.718890921,-999999
13700,-999999,-999999,-5.439579142,-3.116107264,-3.199473658,-4.606132568,-4.439493411,-999999
13750,-999999,-999999,-5.44369824,-3.820902118,-3.567956776,-4.264836871,-4.275197525,-999999
13800,-999999,-999999,-5.317960702,-3.739881184,-3.433661348,-3.880283231,-4.287405981,-999999
13850,-999999,-999999,-5.46785756,-3.367439993,-3.414173732,-4.059835136,-4.281228451,-999999
13900,-999999,-999999,-5.008364516,-4.040485625,-3.387979509,-4.093148819,-4.84771479,-999999
13950,-999999,-999999,-4.8263961,-5.246095826,-5.387717167,-4.512176412,-5.360741825,-999999
14000,-999999,-999999,-5.735189551,-4.60036208,-4.880159686,-5.746533722,-6.339866987,-999999
14050,-999999,-999999,-4.82597333,-3.403554636,-3.075696594,-3.199380892,-4.19743742,-999999
14100,-999999,-999999,-4.88765944,-3.671770583,-3.438805039,-4.301658347,-4.255882166,-999999
14150,-999999,-999999,-4.511810998,-3.039307071,-2.926207241,-2.75196429,-3.548498636,-999999
14200,-999999,-999999,-4.15194617,-2.686529115,-2.603393788,-2.729486647,-3.823325868,-999999
14250,-999999,-999999,-4.089743728,-1.721134982,-1.573075987,-2.927173225,-3.134265612,-999999
14300,-999999,-999999,-3.731907035,-2.407172099,-2.087644074,-3.072923279,-3.334190571,-999999
14350,-999999,-999999,-3.394125617,-2.071140875,-1.913091493,-2.690021082,-2.685186371,-999999
14400,-999999,-999999,-3.306042927,-1.442134672,-1.865057267,-2.382930405,-3.138214956,-999999
14450,-999999,-999999,-2.972187571,-1.022817526,-0.759894844,-1.626400509,-2.271086571,-999999
14500,-999999,-999999,-2.668268221,-1.975142326,-1.485829304,-1.461783238,-2.515924145,-999999
14550,-999999,-999999,-2.765754619,-2.800828493,-1.658986521,-2.013326468,-2.381118053,-999999
14600,-999999,-999999,-3.476528861,-3.373502265,-2.687774838,-3.602524778,-3.771120447,-999999
14650,-999999,-999999,-5.653706543,-5.862355835,-4.525778957,-5.609615622,-7.420186399,-999999
14700,-999999,-999999,-6.334726595,-6.16393601,-6.210627164,-6.922956623,-7.566945819,-999999
14750,-999999,-999999,-6.220632615,-5.293554189,-4.870842015,-7.451934935,-6.441871616,-999999
14800,-999999,-999999,-6.428135166,-6.091054686,-5.615077217,-7.57182386,-7.617209117,-999999
14850,-999999,-999999,-6.581774372,-5.049309357,-6.474215894,-7.11991648,-6.966609414,-999999
14900,-999999,-999999,-6.735331192,-6.141431504,-4.896459021,-6.778349111,-7.60097282,-999999
14950,-999999,-999999,-6.886531004,-5.933211581,-5.160969179,-7.924705313,-8.669399035,-999999
15000,-999999,-999999,-6.967764318,-6.217607122,-5.908090133,-8.315942194,-7.753685652,-999999
15050,-999999,-999999,-6.836282046,-3.76057671,-6.144138813,-8.088002574,-9.332927786,-999999
15100,-999999,-999999,-6.682424312,-4.752290928,-5.914133853,-6.707720362,-7.99937065,-999999
15150,-999999,-999999,-6.835785929,-5.108215183,-5.414536415,-6.865415804,-7.544697259,-999999
15200,-999999,-999999,-6.900972729,-5.018053948,-4.938231447,-7.762012496,-9.237080355,-999999
15250,-999999,-999999,-6.944045729,-6.705315194,-5.4238067,-7.799617232,-7.878481736,-999999
15300,-999999,-999999,-7.021012106,-5.067082057,-5.646345863,-8.346593302,-7.411951767,-999999
15350,-999999,-999999,-7.185676389,-7.128555389,-5.222936734,-8.183128511,-7.907243855,-999999
15400,-999999,-999999,-7.34035826,-5.415266936,-6.227521293,-9.487484431,-8.558970051,-999999
15450,-999999,-999999,-7.507127018,-5.170044633,-5.371485771,-8.486530375,-9.034364207,-999999
15500,-999999,-999999,-7.689864012,-6.193035496,-6.981964831,-8.374324213,-9.499770268,-999999
15550,-999999,-999999,-7.610901196,-5.528341172,-6.573568585,-8.791198797,-8.523832013,-999999
15600,-999999,-999999,-7.362150617,-5.299677559,-5.056744568,-9.417752074,-7.874076014,-999999
15650,-999999,-999999,-7.091329888,-6.200932991,-5.663431752,-8.755887896,-9.600776625,-999999
15700,-999999,-999999,-6.778503368,-6.869113941,-6.519674718,-8.971074537,-10.13246064,-999999
15750,-999999,-999999,-6.539324447,-7.90649919,-6.095873449,-8.476939383,-8.360609565,-999999
15800,-999999,-999999,-6.701537804,-6.081391688,-6.114718951,-8.004349998,-7.560644649,-999999
15850,-999999,-999999,-6.911712675,-5.617655141,-6.02875697,-8.869815044,-9.411786693,-999999
15900,-999999,-999999,-6.826200429,-7.636792279,-6.175689682,-9.106286108,-7.584978627,-999999
15950,-999999,-999999,-6.608353371,-6.603296739,-6.774744363,-8.623368072,-8.485237201,-999999
16000,-999999,-999999,-6.51419509,-7.473454144,-6.977578938,-8.652567007,-8.273682651,-999999
16050,-999999,-999999,-6.563534351,-7.472974885,-7.155165666,-10.62846832,-10.4881623,-999999
16100,-999999,-999999,-6.616801156,-6.763507949,-7.059758162,-10.77409392,-8.322560198,-999999
16150,-999999,-999999,-6.665930571,-4.762560225,-5.553046932,-9.142304168,-9.350275832,-999999
16200,-999999,-999999,-6.722979382,-6.778704113,-5.846848549,-9.98671127,-7.818536268,-999999
16250,-999999,-999999,-6.843714053,-6.769419853,-5.223522346,-8.514509134,-7.817565735,-999999
16300,-999999,-999999,-6.980346837,-7.003013946,-5.475431752,-9.116743293,-7.942990411,-999999
16350,-999999,-999999,-6.893115085,-5.955068406,-6.161444846,-9.499191903,-8.640632851,-999999
16400,-999999,-999999,-6.644081685,-6.424685357,-6.424714342,-8.87548217,-7.960373658,-999999
16450,-999999,-999999,-6.333007458,-6.143674554,-5.890772369,-10.18857498,-6.178399237,-999999
16500,-999999,-999999,-5.89403877,-6.06559064,-5.220298283,-7.607842942,-7.641193794,-999999
16550,-999999,-999999,-5.564543631,-6.900698245,-5.250028368,-7.462871517,-8.128511414,-999999
16600,-999999,-999999,-5.963810071,-6.188185861,-5.938611194,-8.436072281,-8.196408893,-999999
16650,-999999,-999999,-6.462768075,-7.716934324,-5.686893673,-9.401536146,-8.136033476,-999999
16700,-999999,-999999,-6.396601265,-6.912729614,-7.152363672,-8.759438136,-7.100532196,-999999
16750,-999999,-999999,-6.060801334,-7.160090098,-4.685795265,-9.243151683,-6.570823471,-999999
16800,-999999,-999999,-6.102373595,-6.818388619,-5.97977732,-9.107864148,-6.636794318,-999999
16850,-999999,-999999,-6.671047448,-7.841091498,-6.210445855,-9.821152718,-7.691111789,-999999
16900,-999999,-999999,-7.037929282,-7.66565964,-7.159842307,-10.41463002,-7.946641329,-999999
16950,-999999,-999999,-6.641600717,-6.929030596,-6.436527457,-9.350370722,-7.772418846,-999999
17000,-999999,-999999,-6.217203167,-5.916068128,-6.242210762,-9.840327357,-7.172102484,-999999
17050,-999999,-999999,-6.321646853,-6.135789304,-5.283884029,-10.18018521,-7.18382542,-999999
17100,-999999,-999999,-6.5897603,-7.200698357,-6.491892292,-10.51315976,-6.69964137,-999999
17150,-999999,-999999,-6.727980826,-7.33371214,-6.237223875,-10.63639266,-6.889231709,-999999
17200,-999999,-999999,-6.764280813,-7.383457044,-6.012429749,-10.29040147,-7.624496634,-999999
17250,-999999,-999999,-6.766316757,-7.752346205,-6.990305279,-10.05385975,-7.223011169,-999999
17300,-999999,-999999,-6.686421146,-7.488881857,-6.164456762,-9.547773459,-6.914625962,-999999
17350,-999999,-999999,-6.614370195,-7.815948798,-6.544772715,-10.83856753,-8.634344075,-999999
17400,-999999,-999999,-6.640069491,-7.533968433,-7.294383916,-10.56831115,-8.094463904,-999999
17450,-999999,-999999,-6.679459766,-6.985493717,-5.624478675,-10.02814481,-7.654135861,-999999
17500,-999999,-999999,-6.505095653,-6.576670813,-5.172400622,-11.82754571,-6.731185811,-999999
17550,-999999,-999999,-6.247223488,-6.972795766,-5.886321375,-12.08923118,-7.272063308,-999999
17600,-999999,-999999,-6.113708178,-6.503644991,-5.255783393,-10.03486956,-6.771297951,-999999
17650,-999999,-999999,-6.302154991,-7.234006307,-4.93461344,-11.18491907,-8.177168935,-999999
17700,-999999,-999999,-6.4486259,-6.979309422,-5.016014658,-9.899129649,-7.799346273,-999999
17750,-999999,-999999,-6.439042545,-6.855737406,-5.953958006,-9.532329755,-6.496132409,-999999
17800,-999999,-999999,-6.425414055,-6.339439338,-5.39440255,-10.16365855,-8.973018063,-999999
17850,-999999,-999999,-6.637325481,-7.190717747,-4.152623448,-9.466408441,-7.609771815,-999999
17900,-999999,-999999,-6.922970539,-7.269881187,-5.333227167,-10.70573267,-9.151410054,-999999
17950,-999999,-999999,-6.960507744,-7.614725092,-5.185592658,-8.969649001,-9.052018035,-999999
18000,-999999,-999999,-6.762333921,-6.714914426,-5.463748913,-10.43802819,-8.280315797,-999999
18050,-999999,-999999,-6.57988374,-6.08605854,-6.541938464,-10.19911152,-9.415069468,-999999
18100,-999999,-999999,-6.46123577,-5.174272459,-5.184258274,-11.07821782,-8.007471122,-999999
18150,-999999,-999999,-6.364300538,-6.892679185,-5.042558175,-11.11875209,-8.200187068,-999999
18200,-999999,-999999,-6.437000531,-7.043725922,-6.018840995,-10.65996841,-9.188112192,-999999
18250,-999999,-999999,-6.537473579,-6.92007446,-4.855330927,-10.91963491,-8.042900367,-999999
18300,-999999,-999999,-6.548022766,-5.794754966,-5.73153332,-11.84811786,-9.652823485,-999999
18350,-999999,-999999,-6.488443999,-6.712304109,-4.847216761,-10.67997265,-8.708608095,-999999
18400,-999999,-999999,-6.638438788,-6.421883769,-4.485255668,-10.08083885,-8.985532185,-999999
18450,-999999,-999999,-7.127699915,-6.499016802,-5.657150577,-9.910824994,-7.71667359,-999999
18500,-999999,-999999,-7.479176339,-5.983816026,-5.624443101,-11.22800364,-7.456029,-999999
18550,-999999,-999999,-7.177754165,-6.285491234,-5.922790491,-11.0078172,-8.701059642,-999999
18600,-999999,-999999,-6.814384309,-6.317590765,-4.630531558,-9.939229732,-7.091019661,-999999
18650,-999999,-999999,-6.828143241,-6.026709057,-5.02013104,-11.53580837,-8.008032466,-999999
18700,-999999,-999999,-6.977650992,-6.873811784,-5.625987852,-10.16765105,-8.565639327,-999999
18750,-999999,-999999,-7.001413556,-5.448244913,-6.66778619,-9.837807953,-7.943670977,-999999
18800,-999999,-999999,-6.89989834,-6.894318941,-6.441775509,-10.03704342,-7.67107456,-999999
18850,-999999,-999999,-6.76560012,-5.947757669,-5.924465702,-10.65543022,-7.904122711,-999999
18900,-999999,-999999,-6.537128795,-5.816332983,-4.844694847,-9.261865097,-8.276818912,-999999
18950,-999999,-999999,-6.354485161,-5.662822849,-5.559670274,-10.58301952,-8.317970597,-999999
19000,-999999,-999999,-6.513152884,-6.70045485,-5.452630718,-9.573613346,-8.079494966,-999999
19050,-999999,-999999,-6.751503481,-5.621599821,-4.610029637,-10.76020823,-8.35661177,-999999
19100,-999999,-999999,-6.850026525,-5.374557396,-5.441109381,-9.850455294,-8.79338095,-999999
19150,-999999,-999999,-6.862485383,-5.859363143,-5.61146286,-9.050280719,-9.717426109,-999999
19200,-999999,-999999,-6.904886419,-6.101233702,-5.778463567,-10.57603581,-8.428629723,-999999
19250,-999999,-999999,-7.007254693,-4.884044435,-5.294998571,-9.560512044,-8.158130289,-999999
19300,-999999,-999999,-7.0556985,-5.363898312,-5.497002469,-8.57491862,-8.157156374,-999999
19350,-999999,-999999,-6.824520738,-6.728778076,-4.688987962,-9.87103542,-9.548659605,-999999
19400,-999999,-999999,-6.571360346,-6.353320985,-5.664518596,-9.430164187,-8.105058722,-999999
19450,-999999,-999999,-6.746585012,-7.160777452,-6.308923368,-9.717971488,-8.353486302,-999999
19500,-999999,-999999,-7.15423241,-6.497437525,-5.765375163,-9.297007399,-8.62852232,-999999
19550,-999999,-999999,-7.265191865,-5.456381402,-5.333264284,-8.217166873,-7.228091072,-999999
19600,-999999,-999999,-6.932055289,-6.015861605,-5.726365488,-10.02642414,-7.468126006,-999999
19650,-999999,-999999,-6.672683299,-6.36726451,-6.154302448,-7.852444513,-8.353607749,-999999
19700,-999999,-999999,-6.646878262,-7.191153534,-6.97486369,-9.517699226,-8.064421873,-999999
19750,-999999,-999999,-6.652946758,-6.504247889,-7.18973549,-9.945034838,-9.483883245,-999999
19800,-999999,-999999,-6.798792638,-6.023657991,-6.126818115,-8.076332982,-7.346154719,-999999
19850,-999999,-999999,-6.980683907,-6.426650292,-5.989075267,-8.67350158,-7.619372187,-999999
19900,-999999,-999999,-6.904978499,-7.019298175,-6.62331798,-9.580138788,-8.691196737,-999999
19950,-999999,-999999,-6.643378436,-5.570247646,-7.154195143,-9.108959275,-8.884324857,-999999
20000,-999999,-999999,-6.631334415,-6.327370478,-6.76994873,-9.605035928,-8.954300539,-999999